<?xml version="1.0" encoding="UTF-8" ?>
<XMLDB PATH="mod/groupselect/db" VERSION="2018031602" COMMENT="XMLDB file for Moodle mod/groupselect"
    xmlns:xsi="http://www.w3.org/2001/XMLSchema-instance"
    xsi:noNamespaceSchemaLocation="../../../lib/xmldb/xmldb.xsd"
>
  <TABLES>
    <TABLE NAME="groupselect" COMMENT="Defines groupselects">
      <FIELDS>
        <FIELD NAME="id" TYPE="int" LENGTH="10" NOTNULL="true" SEQUENCE="true"/>
        <FIELD NAME="course" TYPE="int" LENGTH="10" NOTNULL="true" DEFAULT="0" SEQUENCE="false"/>
        <FIELD NAME="name" TYPE="char" LENGTH="255" NOTNULL="true" SEQUENCE="false"/>
        <FIELD NAME="intro" TYPE="text" NOTNULL="false" SEQUENCE="false" COMMENT="The introductory text desplayed on the view.php page."/>
        <FIELD NAME="introformat" TYPE="int" LENGTH="4" NOTNULL="true" DEFAULT="0" SEQUENCE="false"/>
        <FIELD NAME="targetgrouping" TYPE="int" LENGTH="10" NOTNULL="true" DEFAULT="0" SEQUENCE="false" COMMENT="ID of grouping the selection may be done from or zero if not limited"/>
        <FIELD NAME="maxmembers" TYPE="int" LENGTH="10" NOTNULL="true" DEFAULT="0" SEQUENCE="false"/>
        <FIELD NAME="timeavailable" TYPE="int" LENGTH="10" NOTNULL="true" DEFAULT="0" SEQUENCE="false"/>
        <FIELD NAME="timedue" TYPE="int" LENGTH="10" NOTNULL="true" DEFAULT="0" SEQUENCE="false"/>
        <FIELD NAME="timecreated" TYPE="int" LENGTH="10" NOTNULL="true" DEFAULT="0" SEQUENCE="false" COMMENT="When the instance was created"/>
        <FIELD NAME="timemodified" TYPE="int" LENGTH="10" NOTNULL="true" DEFAULT="0" SEQUENCE="false"/>
        <FIELD NAME="hidefullgroups" TYPE="int" LENGTH="1" NOTNULL="true" DEFAULT="0" SEQUENCE="false"/>
        <FIELD NAME="deleteemptygroups" TYPE="int" LENGTH="1" NOTNULL="true" DEFAULT="1" SEQUENCE="false"/>
        <FIELD NAME="studentcancreate" TYPE="int" LENGTH="1" NOTNULL="true" DEFAULT="1" SEQUENCE="false"/>
        <FIELD NAME="minmembers" TYPE="int" LENGTH="1" NOTNULL="true" DEFAULT="0" SEQUENCE="false"/>
        <FIELD NAME="assignteachers" TYPE="int" LENGTH="1" NOTNULL="true" DEFAULT="0" SEQUENCE="false"/>
        <FIELD NAME="studentcansetdesc" TYPE="int" LENGTH="1" NOTNULL="true" DEFAULT="1" SEQUENCE="false"/>
        <FIELD NAME="showassignedteacher" TYPE="int" LENGTH="1" NOTNULL="true" DEFAULT="0" SEQUENCE="false"/>
        <FIELD NAME="studentcansetenrolmentkey" TYPE="int" LENGTH="1" NOTNULL="true" DEFAULT="0" SEQUENCE="false"/>
        <FIELD NAME="studentcansetgroupname" TYPE="int" LENGTH="1" NOTNULL="true" DEFAULT="1" SEQUENCE="false"/>
        <FIELD NAME="notifyexpiredselection" TYPE="int" LENGTH="1" NOTNULL="true" DEFAULT="1" SEQUENCE="false"/>
        <FIELD NAME="supervisionrole" TYPE="int" LENGTH="10" NOTNULL="true" DEFAULT="1" SEQUENCE="false"/>
        <FIELD NAME="maxgroupmembership" TYPE="int" LENGTH="10" NOTNULL="true" DEFAULT="1" SEQUENCE="false"/>
        <FIELD NAME="studentcanjoin" TYPE="int" LENGTH="1" NOTNULL="true" DEFAULT="1" SEQUENCE="false"/>
        <FIELD NAME="studentcanleave" TYPE="int" LENGTH="1" NOTNULL="true" DEFAULT="1" SEQUENCE="false"/>
      </FIELDS>
      <KEYS>
        <KEY NAME="primary" TYPE="primary" FIELDS="id"/>
      </KEYS>
      <INDEXES>
        <INDEX NAME="course" UNIQUE="false" FIELDS="course"/>
      </INDEXES>
    </TABLE>
    <TABLE NAME="groupselect_passwords" COMMENT="Stores password hashes of groups">
      <FIELDS>
        <FIELD NAME="id" TYPE="int" LENGTH="10" NOTNULL="true" SEQUENCE="true"/>
        <FIELD NAME="groupid" TYPE="int" LENGTH="10" NOTNULL="true" SEQUENCE="false"/>
        <FIELD NAME="password" TYPE="char" LENGTH="60" NOTNULL="true" SEQUENCE="false"/>
        <FIELD NAME="instance_id" TYPE="int" LENGTH="10" NOTNULL="true" SEQUENCE="false" COMMENT="groupselect instance id"/>
      </FIELDS>
      <KEYS>
        <KEY NAME="primary" TYPE="primary" FIELDS="id"/>
      </KEYS>
    </TABLE>
    <TABLE NAME="groupselect_groups_teachers" COMMENT="Stores group-teacher relations">
      <FIELDS>
        <FIELD NAME="id" TYPE="int" LENGTH="10" NOTNULL="true" SEQUENCE="true"/>
        <FIELD NAME="groupid" TYPE="int" LENGTH="10" NOTNULL="true" SEQUENCE="false"/>
        <FIELD NAME="teacherid" TYPE="int" LENGTH="10" NOTNULL="true" SEQUENCE="false"/>
        <FIELD NAME="instance_id" TYPE="int" LENGTH="10" NOTNULL="true" SEQUENCE="false"/>
      </FIELDS>
      <KEYS>
        <KEY NAME="primary" TYPE="primary" FIELDS="id"/>
      </KEYS>
    </TABLE>
  </TABLES>
</XMLDB>
